{"cameraMode":{"drawMode":0,"name":"Shaded","section":"Shading Mode"},"sceneLighting":true,"audioPlay":false,"sceneViewState":{"showFog":true,"showMaterialUpdate":false,"showSkybox":true,"showFlares":true,"showImageEffects":true,"showParticleSystems":true},"in2DMode":false,"pivot":{"x":97.79801177978516,"y":22.99241828918457,"z":-23.37545394897461},"rotation":{"x":-0.0650213286280632,"y":0.7022566199302673,"z":-0.06463975459337235,"w":-0.7059954404830933},"size":310.0975341796875,"orthographic":true}