{"cameraMode":{"drawMode":0,"name":"Shaded","section":"Shading Mode"},"sceneLighting":true,"audioPlay":false,"sceneViewState":{"showFog":true,"showMaterialUpdate":false,"showSkybox":true,"showFlares":true,"showImageEffects":true,"showParticleSystems":true},"in2DMode":false,"pivot":{"x":78.91203308105469,"y":78.54281616210938,"z":-29.58763313293457},"rotation":{"x":0.00719919940456748,"y":0.8947981595993042,"z":0.014497103169560433,"w":-0.44617751240730288},"size":257.2647399902344,"orthographic":true}