{"cameraMode":{"drawMode":0,"name":"Shaded","section":"Shading Mode"},"sceneLighting":true,"audioPlay":false,"sceneViewState":{"showFog":true,"showMaterialUpdate":false,"showSkybox":true,"showFlares":true,"showImageEffects":true,"showParticleSystems":true},"in2DMode":false,"pivot":{"x":9.67965030670166,"y":17.780502319335939,"z":10.066134452819825},"rotation":{"x":-0.11489587277173996,"y":0.6590749621391296,"z":-0.1028362289071083,"w":-0.7361004948616028},"size":108.7416763305664,"orthographic":true}