{"cameraMode":{"drawMode":0,"name":"Shaded","section":"Shading Mode"},"sceneLighting":false,"audioPlay":false,"sceneViewState":{"showFog":true,"showMaterialUpdate":false,"showSkybox":true,"showFlares":true,"showImageEffects":true,"showParticleSystems":true},"in2DMode":false,"pivot":{"x":-0.005077779293060303,"y":1.25,"z":-0.1085900068283081},"rotation":{"x":-0.1976013481616974,"y":0.00620387913659215,"z":-0.0012551683466881514,"w":-0.980262041091919},"size":4.846686363220215,"orthographic":true}