{"cameraMode":{"drawMode":0,"name":"Shaded","section":"Shading Mode"},"sceneLighting":false,"audioPlay":false,"sceneViewState":{"showFog":true,"showMaterialUpdate":false,"showSkybox":true,"showFlares":true,"showImageEffects":true,"showParticleSystems":true},"in2DMode":false,"pivot":{"x":-0.20764125883579255,"y":1.0431901216506959,"z":-0.12143193185329437},"rotation":{"x":-0.010132897645235062,"y":0.9898102283477783,"z":0.09470146149396897,"w":0.10585278272628784},"size":1.0987354516983033,"orthographic":true}